{
	"0" : 
	{
		"p2p_cliques" : "0"
	},
	"h2d_d2h_concurrent_pinned" : 
	{
		"0_bidir" : 
		[
			{
				"timestamp" : 1743326064661225,
				"value" : 31.247180209705981
			}
		],
		"0_d2h" : 
		[
			{
				"timestamp" : 1743326064661223,
				"value" : 26.245792592519912
			}
		],
		"0_h2d" : 
		[
			{
				"timestamp" : 1743326064661214,
				"value" : 25.118085972413645
			}
		],
		"sum_bidir" : 
		[
			{
				"timestamp" : 1743326064661226,
				"value" : 31.247180209705981
			}
		],
		"sum_d2h" : 
		[
			{
				"timestamp" : 1743326064661224,
				"value" : 26.245792592519912
			}
		],
		"sum_h2d" : 
		[
			{
				"timestamp" : 1743326064661221,
				"value" : 25.118085972413645
			}
		]
	},
	"h2d_d2h_concurrent_unpinned" : 
	{
		"0_bidir" : 
		[
			{
				"timestamp" : 1743326065413837,
				"value" : 9.8342001808048671
			}
		],
		"0_d2h" : 
		[
			{
				"timestamp" : 1743326065413834,
				"value" : 8.7911557238893501
			}
		],
		"0_h2d" : 
		[
			{
				"timestamp" : 1743326065413825,
				"value" : 17.465360131443251
			}
		],
		"sum_bidir" : 
		[
			{
				"timestamp" : 1743326065413839,
				"value" : 9.8342001808048671
			}
		],
		"sum_d2h" : 
		[
			{
				"timestamp" : 1743326065413836,
				"value" : 8.7911557238893501
			}
		],
		"sum_h2d" : 
		[
			{
				"timestamp" : 1743326065413832,
				"value" : 17.465360131443251
			}
		]
	},
	"h2d_d2h_latency_pinned" : 
	{
		"0_bidir" : 
		[
			{
				"timestamp" : 1743326065494397,
				"value" : 3.6205566406249998
			}
		],
		"0_d2h" : 
		[
			{
				"timestamp" : 1743326065494380,
				"value" : 1.9043136596679688
			}
		],
		"0_h2d" : 
		[
			{
				"timestamp" : 1743326065494394,
				"value" : 2.3638847351074217
			}
		]
	},
	"h2d_d2h_latency_unpinned" : 
	{
		"0_bidir" : 
		[
			{
				"timestamp" : 1743326065587241,
				"value" : 9.2403709411621087
			}
		],
		"0_d2h" : 
		[
			{
				"timestamp" : 1743326065587231,
				"value" : 6.7524223327636719
			}
		],
		"0_h2d" : 
		[
			{
				"timestamp" : 1743326065587239,
				"value" : 2.4367359161376951
			}
		]
	},
	"h2d_d2h_single_pinned" : 
	{
		"0_bidir" : 
		[
			{
				"timestamp" : 1743326063556717,
				"value" : 31.336198183666244
			}
		],
		"0_d2h" : 
		[
			{
				"timestamp" : 1743326063556678,
				"value" : 26.23984215094956
			}
		],
		"0_h2d" : 
		[
			{
				"timestamp" : 1743326063556713,
				"value" : 25.08400199222153
			}
		]
	},
	"h2d_d2h_single_unpinned" : 
	{
		"0_bidir" : 
		[
			{
				"timestamp" : 1743326064338672,
				"value" : 10.026098667942163
			}
		],
		"0_d2h" : 
		[
			{
				"timestamp" : 1743326064338657,
				"value" : 8.8906639346397274
			}
		],
		"0_h2d" : 
		[
			{
				"timestamp" : 1743326064338670,
				"value" : 13.174217243115731
			}
		]
	},
	"p2p_bw_p2p_disabled" : 
	{
		"0_0_bidir" : 
		[
			{
				"timestamp" : 1743326065452670,
				"value" : 331.31891708116711
			}
		],
		"0_0_onedir" : 
		[
			{
				"timestamp" : 1743326065440583,
				"value" : 324.22395000294131
			}
		]
	},
	"p2p_bw_p2p_enabled" : 
	{
		"0_0_bidir" : 
		[
			{
				"timestamp" : 1743326065433103,
				"value" : 331.23463935671532
			}
		],
		"0_0_onedir" : 
		[
			{
				"timestamp" : 1743326065421004,
				"value" : 321.06109968393008
			}
		]
	},
	"p2p_latency_p2p_disabled" : 
	{
		"0_0" : 
		[
			{
				"timestamp" : 1743326065615875,
				"value" : 2.7437055587768553
			}
		]
	},
	"p2p_latency_p2p_enabled" : 
	{
		"0_0" : 
		[
			{
				"timestamp" : 1743326065601854,
				"value" : 2.8342271804809571
			}
		]
	}
}
